{
    "acc": 0.07322654462242563,
    "f1": 0.13646055437100213
}