{
    "acc": 0.05491990846681922,
    "f1": 0.10412147505422992
}